run_id,reflux_ratio,distillate_kmol_h,feed_kmol_h,z_c4,tray6_T_C,top_P_bar,xd_c4,xb_c4,reboiler_duty_kW,tray6_x_c4_liq
z300_01,0.8000,37.0000,100.0000,0.3000,110.6292,4.7000,0.782586,0.016577,541.9775,
z300_02,0.8000,36.0000,100.0000,0.3000,109.1642,4.7000,0.798589,0.019544,526.4336,
z300_03,0.8000,34.5000,100.0000,0.3000,106.7719,4.7000,0.821433,0.025352,502.8288,
z300_04,0.8000,33.0000,100.0000,0.3000,104.2613,4.7000,0.841756,0.033165,478.9649,
z300_05,1.5000,37.0000,100.0000,0.3000,118.0830,4.7000,0.799984,0.006360,716.9229,
z300_06,1.5000,36.0000,100.0000,0.3000,117.0960,4.7000,0.820225,0.007375,694.2751,
z300_07,1.5000,34.5000,100.0000,0.3000,115.2928,4.7000,0.851641,0.009443,659.6720,
z300_08,1.5000,33.0000,100.0000,0.3000,112.9768,4.7000,0.883619,0.012548,624.2641,
z300_09,2.2000,37.0000,100.0000,0.3000,121.5567,4.7000,0.804955,0.003441,890.2688,
z300_10,2.2000,36.0000,100.0000,0.3000,120.8817,4.7000,0.826341,0.003935,860.2858,
z300_11,2.2000,34.5000,100.0000,0.3000,119.6154,4.7000,0.860199,0.004936,814.2591,
z300_12,2.2000,33.0000,100.0000,0.3000,117.8841,4.7000,0.895982,0.006459,766.6764,
z300_13,3.0000,37.0000,100.0000,0.3000,123.6450,4.7000,0.807223,0.002109,1088.0843,
z300_14,3.0000,36.0000,100.0000,0.3000,123.1596,4.7000,0.829092,0.002387,1049.7122,
z300_15,3.0000,34.5000,100.0000,0.3000,122.2383,4.7000,0.863975,0.002947,990.6503,
z300_16,3.0000,33.0000,100.0000,0.3000,120.9392,4.7000,0.901378,0.003802,929.2408,
z325_01,0.8000,37.0000,100.0000,0.3250,106.4665,4.7000,0.839201,0.023010,531.1291,
z325_02,0.8000,36.0000,100.0000,0.3250,104.6646,4.7000,0.853665,0.027626,515.0527,
z325_03,0.8000,34.5000,100.0000,0.3250,101.9081,4.7000,0.872703,0.036516,490.7967,
z325_04,0.8000,33.0000,100.0000,0.3250,99.3206,4.7000,0.887740,0.047831,466.6014,
z325_05,1.5000,37.0000,100.0000,0.3250,115.3416,4.7000,0.863865,0.008525,697.4540,
z325_06,1.5000,36.0000,100.0000,0.3250,113.8794,4.7000,0.884654,0.010197,673.5345,
z325_07,1.5000,34.5000,100.0000,0.3250,111.0964,4.7000,0.915672,0.013886,636.8655,
z325_08,1.5000,33.0000,100.0000,0.3250,107.3913,4.7000,0.944146,0.020045,599.6464,
z325_09,2.2000,37.0000,100.0000,0.3250,119.6551,4.7000,0.870701,0.004512,861.9631,
z325_10,2.2000,36.0000,100.0000,0.3250,118.6014,4.7000,0.893314,0.005326,829.9505,
z325_11,2.2000,34.5000,100.0000,0.3250,116.4160,4.7000,0.928394,0.007186,780.2121,
z325_12,2.2000,33.0000,100.0000,0.3250,112.7244,4.7000,0.962839,0.010836,728.3849,
z325_13,3.0000,37.0000,100.0000,0.3250,122.2472,4.7000,0.873732,0.002731,1049.7697,
z325_14,3.0000,36.0000,100.0000,0.3250,121.4653,4.7000,0.897110,0.003191,1008.5690,
z325_15,3.0000,34.5000,100.0000,0.3250,119.7627,4.7000,0.933945,0.004262,944.0834,
z325_16,3.0000,33.0000,100.0000,0.3250,116.3175,4.7000,0.971337,0.006649,875.6386,
z350_01,0.8000,37.0000,100.0000,0.3500,101.3710,4.7000,0.888962,0.033466,517.6025,
z350_02,0.8000,36.0000,100.0000,0.3500,99.3840,4.7000,0.900077,0.040582,501.1989,
z350_03,0.8000,34.5000,100.0000,0.3500,96.6724,4.7000,0.913109,0.053404,476.8370,
z350_04,0.8000,33.0000,100.0000,0.3500,94.4542,4.7000,0.922184,0.068177,452.9783,
z350_05,1.5000,37.0000,100.0000,0.3500,111.1894,4.7000,0.924763,0.012444,672.6634,
z350_06,1.5000,36.0000,100.0000,0.3500,108.7291,4.7000,0.944097,0.015817,647.2009,
z350_07,1.5000,34.5000,100.0000,0.3500,103.8565,4.7000,0.968368,0.024291,609.2814,
z350_08,1.5000,33.0000,100.0000,0.3500,98.2656,4.7000,0.982268,0.038581,574.4192,
z350_09,2.2000,37.0000,100.0000,0.3500,116.5392,4.7000,0.934894,0.006495,825.7429,
z350_10,2.2000,36.0000,100.0000,0.3500,114.3211,4.7000,0.957362,0.008364,790.5822,
z350_11,2.2000,34.5000,100.0000,0.3500,107.6318,4.7000,0.985715,0.015151,738.0199,
z350_12,2.2000,33.0000,100.0000,0.3500,97.1026,4.7000,0.995053,0.032282,696.3698,
z350_13,3.0000,37.0000,100.0000,0.3500,119.8395,4.7000,0.939307,0.003903,1000.8251,
z350_14,3.0000,36.0000,100.0000,0.3500,117.9216,4.7000,0.963223,0.005068,954.7756,
z350_16,3.0000,33.0000,100.0000,0.3500,94.0074,4.7000,0.997939,0.030860,839.5971,
z375_01,0.8000,37.0000,100.0000,0.3750,95.6692,4.7000,0.928002,0.050222,502.0423,
z375_02,0.8000,36.0000,100.0000,0.3750,93.8819,4.7000,0.934692,0.060175,485.8540,
z375_03,0.8000,34.5000,100.0000,0.3750,91.7125,4.7000,0.941790,0.076461,462.1703,
z375_04,0.8000,33.0000,100.0000,0.3750,90.0980,4.7000,0.946393,0.093567,439.1906,
z375_05,1.5000,37.0000,100.0000,0.3750,103.3206,4.7000,0.975206,0.022494,642.6970,
z375_06,1.5000,36.0000,100.0000,0.3750,98.7574,4.7000,0.984817,0.031974,618.7772,
z375_07,1.5000,34.5000,100.0000,0.3750,92.9437,4.7000,0.990789,0.050650,586.9813,
z375_08,1.5000,33.0000,100.0000,0.3750,89.2803,4.7000,0.992796,0.070716,557.6819,
z375_09,2.2000,37.0000,100.0000,0.3750,106.8700,4.7000,0.988958,0.014414,781.1869,
z375_10,2.2000,36.0000,100.0000,0.3750,98.2061,4.7000,0.995385,0.026026,752.7922,
z375_11,2.2000,34.5000,100.0000,0.3750,89.6777,4.7000,0.997329,0.047204,716.6452,
z375_12,2.2000,33.0000,100.0000,0.3750,85.3444,4.7000,0.997814,0.068240,682.2611,
z375_13,3.0000,37.0000,100.0000,0.3750,103.8565,4.7000,0.968368,0.024291,609.2814,
z375_15,3.0000,34.5000,100.0000,0.3750,85.8470,4.7000,0.998785,0.046437,867.2202,
z375_16,3.0000,33.0000,100.0000,0.3750,81.3311,4.7000,0.998973,0.067668,826.4486,
z400_01,0.8000,37.0000,100.0000,0.4000,90.1927,4.7000,0.954539,0.074319,485.9797,
z400_02,0.8000,36.0000,100.0000,0.4000,88.8988,4.7000,0.957707,0.086288,470.5130,
z400_03,0.8000,34.5000,100.0000,0.4000,87.4173,4.7000,0.960947,0.104539,447.9434,
z400_04,0.8000,33.0000,100.0000,0.4000,86.3495,4.7000,0.963020,0.122694,426.0230,
z400_05,1.5000,37.0000,100.0000,0.4000,90.6100,4.7000,0.993549,0.051404,620.3698,
z400_06,1.5000,36.0000,100.0000,0.4000,87.7817,4.7000,0.994587,0.065544,600.9269,
z400_07,1.5000,34.5000,100.0000,0.4000,85.0549,4.7000,0.995305,0.086444,572.7021,
z400_08,1.5000,33.0000,100.0000,0.4000,83.3950,4.7000,0.995624,0.106630,545.2251,
z400_09,2.2000,37.0000,100.0000,0.4000,86.9928,4.7000,0.997979,0.048802,760.3932,
z400_10,2.2000,36.0000,100.0000,0.4000,83.7681,4.7000,0.998247,0.063483,737.4813,
z400_11,2.2000,34.5000,100.0000,0.4000,80.8788,4.7000,0.998420,0.084805,703.7780,
z400_12,2.2000,33.0000,100.0000,0.4000,79.2345,4.7000,0.998486,0.105222,670.6850,
z400_13,3.0000,37.0000,100.0000,0.4000,83.1644,4.7000,0.999040,0.048178,922.1367,
z400_14,3.0000,36.0000,100.0000,0.4000,79.8393,4.7000,0.999151,0.062975,894.9425,
z400_15,3.0000,34.5000,100.0000,0.4000,76.9634,4.7000,0.999220,0.084380,854.7344,
z400_16,3.0000,33.0000,100.0000,0.4000,75.3879,4.7000,0.999242,0.104851,815.0963,
