comment_id,venue,manuscript,source,theme,severity,summary_paraphrase,audit_ref,proposed_disposition_N1,plan_phase,status,evidence_artifact
E.1,JPC,JPROCONT-D-26-00618,Editor,decision,critical,Reject: 3 of 4 reviewers recommend rejection with critical issues,,DECISION,all,open,
R1.0a,JPC,JPROCONT-D-26-00618,R1,identification,critical,'Accuracy purchased by physics' not identified; SECOM confounds physics absence with linear capacity,A12,RESCOPE,P1,open,
R1.0b,JPC,JPROCONT-D-26-00618,R1,generalisation,major,Excited TEP regimes and constructed SECOM target limit generalisation to passive industrial drift,,REPORT,P4,open,
R1.1,JPC,JPROCONT-D-26-00618,R1,identification,major,Run the same SECOM pipeline with a nonlinear estimator; report accuracy and coverage,A12,RESCOPE+EXPERIMENT,P1,open,
R1.2,JPC,JPROCONT-D-26-00618,R1,efficiency,major,Report absolute interval width on SECOM; relative reduction may be impractical,,REPORT,P3,open,
R1.3,JPC,JPROCONT-D-26-00618,R1,target-construction,major,x59 is an ex post choice among 590 columns; other targets may behave differently,A9,RESCOPE,-,open,
R1.4,JPC,JPROCONT-D-26-00618,R1,scope,minor,Linearity-for-auditability overstated; trees/splines are also transparent,,REWRITE+EXPERIMENT,"P1,P4",open,
R2.0,JPC,JPROCONT-D-26-00618,R2,design,critical,Experimental design does not support central claims; redesign required,A12,EXPERIMENT,P1-P3,open,
R2.1,JPC,JPROCONT-D-26-00618,R2,identification,critical,Cross-dataset contrast cannot attribute accuracy to physics; anonymised data is not physics-free; use matched correct/perturbed/misspecified physics on one process,A12,RESCOPE+EXPERIMENT,"P1,P2",open,
R2.2,JPC,JPROCONT-D-26-00618,R2,delay-isolation,critical,Delay effect not isolated; compare immediate / delayed-stored / delayed-arrival-time pairing; show timeline; limit scope if variable delays untested,A2,EXPERIMENT,P2,open,
R2.3,JPC,JPROCONT-D-26-00618,R2,alpha-dynamics,major,"Report alpha_t range and trajectory, count of infinite/degenerate intervals, full width distribution",A7,REPORT (now central),"P1,P3",open,
R2.4,JPC,JPROCONT-D-26-00618,R2,statistics,major,0.897-0.903 at n=300 is within binomial noise; not evidence of uniform coverage,A5,FIX+REPORT,P3,open,
R2.5,JPC,JPROCONT-D-26-00618,R2,target-construction,major,SECOM target not a priori; justify as VM target; confirm training-only selection,A9,RESCOPE,-,open,
R2.6a,JPC,JPROCONT-D-26-00618,R2,reproducibility,major,"Debutanizer normalized to [0,1]; give denormalisation, equations, units, n-hexane proxy",A9,FIX or RESCOPE (D-P0.2),P0,open,
R2.6b,JPC,JPROCONT-D-26-00618,R2,protocol,major,Described blocked CV uses future data; compare forward-chaining; gap does not prove residual dependence negligible,A3,FIX,P0,open,
R2.6c,JPC,JPROCONT-D-26-00618,R2,evaluation,major,R2=0.857 uses test labels online; report static and adaptive separately,,REPORT,P3,open,
R2.7a,JPC,JPROCONT-D-26-00618,R2,migration,major,"Migration not reproducible: s(x), delta(x), GP kernel, optimisation, subset selection",,RESCOPE,-,open,
R2.7b,JPC,JPROCONT-D-26-00618,R2,migration,major,10x gain sensitive to grid/threshold/8 repeats; GP intervals are not 'calibrated' in the conformal sense,,RESCOPE,-,open,
R2.8a,JPC,JPROCONT-D-26-00618,R2,writing,major,Introduction lacks synthesis of prior work from which the gap follows,,REWRITE,P4,open,
R2.8b,JPC,JPROCONT-D-26-00618,R2,writing,major,C1-C5 too long; separate original developments from integration and results,,REWRITE,P4,open,
R2.m1,JPC,JPROCONT-D-26-00618,R2,protocol,minor,gamma=0.05 in protocol vs 0.001 in Figure 6; explain selection,A6,FIX (design rule),P1,open,
R2.m2,JPC,JPROCONT-D-26-00618,R2,writing,minor,S4.2 cites C6-C8 but only C1-C5 exist,A10,FIX,P4,open,
R2.m3,JPC,JPROCONT-D-26-00618,R2,writing,minor,Table 4 mixes a test metric with a CV metric,A11,FIX,P4,open,
R2.m4,JPC,JPROCONT-D-26-00618,R2,definition,minor,Define 'open-loop' per the cited bias-updater formulation,,REWRITE,P4,open,
R2.m5,JPC,JPROCONT-D-26-00618,R2,writing,minor,Number the principal equations,,FIX,P4,open,
R3.0,JPC,JPROCONT-D-26-00618,R3,writing,major,Writing needs significant improvement; methodological contribution unclear,,REWRITE,P4,open,
R3.1,JPC,JPROCONT-D-26-00618,R3,writing,major,S3 mixes methodology with case-study values; equations not enumerated,,REWRITE,P4,open,
R3.2,JPC,JPROCONT-D-26-00618,R3,novelty,major,"Method relies on existing references; split conformal needs exchangeability, unsuited to time series",,CLARIFY (original analysis now central),"P1,P4",open,
R3.3,JPC,JPROCONT-D-26-00618,R3,tuning,major,"Parameter selection (lambda, s) appears arbitrary",A6,FIX (design rule; s removed),"P1,P3",open,
R4.0,JPC,JPROCONT-D-26-00618,R4,design,critical,Experiments insufficient for negative-control attribution and delayed-condition effectiveness,"A12,A2",EXPERIMENT,"P1,P2",open,
R4.1,JPC,JPROCONT-D-26-00618,R4,identification,critical,SECOM changes process/objective/dimension/missingness/estimator at once; remove or shuffle physics on the same process,A12,RESCOPE+EXPERIMENT,P1,open,
R4.2,JPC,JPROCONT-D-26-00618,R4,identification,major,Capacity not fixed across datasets; 'same estimator' statement in S6.3 inaccurate,A12,RESCOPE+FIX,P4,open,
R4.3,JPC,JPROCONT-D-26-00618,R4,selection,critical,"One-SE rule selects k=1, not k=4; re-execute selection",A1,FIX (D-P0.1),P0,open,
R4.4,JPC,JPROCONT-D-26-00618,R4,protocol,critical,S3.2 describes leave-one-block-out; code uses forward TimeSeriesSplit,A3,FIX,P0,open,
R4.5,JPC,JPROCONT-D-26-00618,R4,leakage,critical,Transport lag and SECOM target chosen on complete data before splitting,A9,FIX (TEP lag on train; SECOM removed; debutanizer lag re-derived on pool),P0,open,
R4.6,JPC,JPROCONT-D-26-00618,R4,reproducibility,major,"Physics features rest on assumed T/P ranges, n-hexane proxy, truncation; explain and test robustness",A9,FIX or RESCOPE (D-P0.2),P0,open,
R4.7,JPC,JPROCONT-D-26-00618,R4,provenance,major,"theta=4 is a NARMA convention, not documented latency; add theta-lambda sensitivity",A4,FIX+EXPERIMENT,P1,open,
R4.8,JPC,JPROCONT-D-26-00618,R4,delay-isolation,critical,ACI updates immediately; use event queue at t+theta; compare correct vs incorrect pairing,A2,EXPERIMENT,P2,open,
R4.9,JPC,JPROCONT-D-26-00618,R4,ablation,major,"Separate bias-correction from ACI (2x2), conditional EnbPI, coverage CIs, conditional coverage",,EXPERIMENT+REPORT,P3,open,
R4.10a,JPC,JPROCONT-D-26-00618,R4,evaluation,minor,"Figure 4 is prequential online performance, not an independent test",,REPORT,P3,open,
R4.10b,JPC,JPROCONT-D-26-00618,R4,migration,major,10x efficiency from 8 subsamples and coarse thresholds; add baselines and error bars,,RESCOPE,-,open,
C.1,CACE,CACE-D-26-00944,Editor,scope,critical,Desk reject: novelty and fit to core areas insufficient,,RESCOPE+VENUE,P5,closed-lesson,
